{
    "name": "Home: Quote - trính dẫn",
    "inputs": {
        "label": {
            "type": "text",
            "label": "Nhãn (Tùy chọn)"
        },
        "title": {
            "type": "text",
            "label": "Tiêu đề"
        },
        "description": {
            "type": "text",
            "label": "Mô tả ()"
        },
        "image": {
            "type": "file",
            "label": "Ảnh"
        },
        "button_text": {
            "type": "text",
            "label": "Button Text"
        },
        "link": {
            "type": "text",
            "label": "Liên kết"
        }
    },
    "data": {
        "button_text": "Xem thêm"
    }
}